state_name,state_abbrev,fips,total_pop_20,orders_rank_aug19,orders_rank_sep19,orders_rank_oct19,orders_rank_nov19,orders_rank_dec19,orders_rank_jan20,orders_rank_feb20,orders_rank_mar20,orders_rank_apr20,orders_rank_may20,orders_rank_jun20,orders_rank_jul20,orders_rank_aug20,orders_rank_sep20,orders_rank_oct20,orders_rank_nov20,orders_rank_dec20,orders_rank_jan21,orders_rank_feb21,orders_rank_mar21,orders_rank_apr21,orders_rank_may21,orders_rank_jun21,orders_rank_jul21,orders_rank_aug21,orders_rank_sep21,orders_rank_oct21,orders_rank_nov21,orders_rank_dec21,orders_rank_jan22,orders_rank_feb22,orders_rank_mar22,orders_rank_apr22,orders_rank_may22,orders_rank_jun22,merchants_rank_aug19,merchants_rank_sep19,merchants_rank_oct19,merchants_rank_nov19,merchants_rank_dec19,merchants_rank_jan20,merchants_rank_feb20,merchants_rank_mar20,merchants_rank_apr20,merchants_rank_may20,merchants_rank_jun20,merchants_rank_jul20,merchants_rank_aug20,merchants_rank_sep20,merchants_rank_oct20,merchants_rank_nov20,merchants_rank_dec20,merchants_rank_jan21,merchants_rank_feb21,merchants_rank_mar21,merchants_rank_apr21,merchants_rank_may21,merchants_rank_jun21,merchants_rank_jul21,merchants_rank_aug21,merchants_rank_sep21,merchants_rank_oct21,merchants_rank_nov21,merchants_rank_dec21,merchants_rank_jan22,merchants_rank_feb22,merchants_rank_mar22,merchants_rank_apr22,merchants_rank_may22,merchants_rank_jun22,gmv_rank_aug19,gmv_rank_sep19,gmv_rank_oct19,gmv_rank_nov19,gmv_rank_dec19,gmv_rank_jan20,gmv_rank_feb20,gmv_rank_mar20,gmv_rank_apr20,gmv_rank_may20,gmv_rank_jun20,gmv_rank_jul20,gmv_rank_aug20,gmv_rank_sep20,gmv_rank_oct20,gmv_rank_nov20,gmv_rank_dec20,gmv_rank_jan21,gmv_rank_feb21,gmv_rank_mar21,gmv_rank_apr21,gmv_rank_may21,gmv_rank_jun21,gmv_rank_jul21,gmv_rank_aug21,gmv_rank_sep21,gmv_rank_oct21,gmv_rank_nov21,gmv_rank_dec21,gmv_rank_jan22,gmv_rank_feb22,gmv_rank_mar22,gmv_rank_apr22,gmv_rank_may22,gmv_rank_jun22,top3industries_aug19,top3industries_sep19,top3industries_oct19,top3industries_nov19,top3industries_dec19,top3industries_jan20,top3industries_feb20,top3industries_mar20,top3industries_apr20,top3industries_may20,top3industries_jun20,top3industries_jul20,top3industries_aug20,top3industries_sep20,top3industries_oct20,top3industries_nov20,top3industries_dec20,top3industries_jan21,top3industries_feb21,top3industries_mar21,top3industries_apr21,top3industries_may21,top3industries_jun21,top3industries_jul21,top3industries_aug21,top3industries_sep21,top3industries_oct21,top3industries_nov21,top3industries_dec21,top3industries_jan22,top3industries_feb22,top3industries_mar22,top3industries_apr22,top3industries_may22,top3industries_jun22,avg_traffic_aug19,avg_traffic_sep19,avg_traffic_oct19,avg_traffic_nov19,avg_traffic_dec19,avg_traffic_jan20,avg_traffic_feb20,avg_traffic_mar20,avg_traffic_apr20,avg_traffic_may20,avg_traffic_jun20,avg_traffic_jul20,avg_traffic_aug20,avg_traffic_sep20,avg_traffic_oct20,avg_traffic_nov20,avg_traffic_dec20,avg_traffic_jan21,avg_traffic_feb21,avg_traffic_mar21,avg_traffic_apr21,avg_traffic_may21,avg_traffic_jun21,avg_traffic_jul21,avg_traffic_aug21,avg_traffic_sep21,avg_traffic_oct21,avg_traffic_nov21,avg_traffic_dec21,avg_traffic_jan22,avg_traffic_feb22,avg_traffic_mar22,avg_traffic_apr22,avg_traffic_may22,avg_traffic_jun22,avg_lifespan_mths
Alabama,AL,1,5024279,17,24,23,31,27,34,21,19,16,15,16,26,30,26,26,39,39,35,31,28,31,29,29,24,30,20,27,26,27,25,23,17,19,20,30,35,35,36,43,33,31,30,34,35,31,27,24,30,25,25,27,26,27,30,30,32,29,28,28,29,29,29,29,29,28,26,22,24,28,25,41,38,37,40,39,43,36,39,39,36,29,34,43,40,40,46,47,45,37,37,37,42,41,41,46,41,38,38,41,40,33,30,32,32,45,"fashion, health_med, profsvcs","fashion, health_med, beauty","fashion, health_med, profsvcs","fashion, health_med, profsvcs","fashion, health_med, profsvcs","fashion, profsvcs, health_med","fashion, health_med, profsvcs","profsvcs, fashion, health_med","health_med, fashion, profsvcs","fashion, health_med, beauty","fashion, beauty, health_med","fashion, beauty, health_med","fashion, beauty, profsvcs","fashion, beauty, retail","fashion, beauty, retail","beauty, fashion, profsvcs","fashion, beauty, profsvcs","beauty, fashion, retail","fashion, beauty, retail","fashion, beauty, retail","fashion, beauty, retail","fashion, beauty, retail","fashion, beauty, retail","fashion, beauty, retail","fashion, beauty, retail","fashion, beauty, retail","fashion, beauty, retail","fashion, beauty, retail","fashion, beauty, retail","fashion, beauty, charity_or_pol","beauty, fashion, retail","fashion, beauty, performer","fashion, beauty, retail","fashion, beauty, sports","beauty, fashion, retail",97.7,90.9,96.8,83.1,80,91.3,99.3,138.8,88.1,110.9,124.3,111.9,108,101.5,108.8,103.2,99,113.9,111.8,128.8,121.1,122.5,125.2,86.7,95,113.2,133.4,123.4,125.6,130.4,128.8,137.1,140,140.5,131.2,13
Alaska,AK,2,733391,34,44,47,51,48,49,51,48,45,47,46,41,49,48,48,27,18,42,48,51,51,50,50,50,48,47,46,39,47,51,51,48,46,47,48,29,38,26,29,27,42,24,22,30,41,38,40,38,48,48,39,32,46,40,39,48,47,43,44,44,44,47,38,47,40,47,29,43,29,29,51,50,51,51,50,51,51,50,50,51,51,49,51,51,51,50,51,51,51,51,51,51,51,51,51,51,50,49,50,50,51,49,49,48,50,"retail, artdesign, fashion","retail, education, artdesign","retail, fashion, artdesign","fashion, retail, health_med","fashion, retail, beauty","retail, fashion, health_med","agriculture, fashion, artdesign","artdesign, fashion, agriculture","fashion, health_med, retail","auto, fashion, beauty","fashion, transportation, hobby","auto, fashion, beauty","fashion, auto, beauty","fashion, auto, beauty","fashion, auto, beauty","fashion, retail, health_med","fashion, retail, personalsvcs","retail, fashion, hobby","fashion, retail, hobby","fashion, pets, retail","fashion, retail, profsvcs","fashion, retail, health_med","fashion, retail, profsvcs","fashion, health_med, retail","fashion, realestate, retail","fashion, retail, health_med","fashion, retail, auto","fashion, retail, health_med","fashion, health_med, fooddrink","fashion, realestate, retail","health_med, fashion, entertainment","health_med, retail, realestate","health_med, fashion, retail","health_med, fashion, hobby","health_med, fashion, travel",100.7,94.9,89.7,82.3,84.6,95.8,100.4,111.3,107.1,115.1,129.5,123,131.5,107.4,119.7,101.2,106.8,126.8,112.9,126.9,124,131.8,132.2,91.1,90.4,100.9,112.1,105.1,107.1,114.2,112.4,134.8,138,148.1,142.3,14.5
Arizona,AZ,4,7151502,4,3,3,3,4,4,4,5,12,5,6,6,5,4,4,7,6,5,5,7,8,8,7,5,4,6,5,3,3,5,6,4,4,3,4,2,2,2,2,2,2,2,2,2,3,3,3,3,4,4,4,4,3,5,4,3,4,4,3,2,4,2,2,2,2,3,3,2,2,2,7,7,8,9,12,12,10,12,15,17,15,15,12,12,12,22,22,19,19,19,22,25,3,19,5,8,3,2,17,18,1,10,11,12,14,"industrial, health_med, hobby","fashion, hobby, health_med","health_med, hobby, fashion","beauty, fashion, health_med","auto, health_med, fashion","health_med, auto, fashion","health_med, beauty, auto","auto, health_med, beauty","auto, health_med, retail","beauty, retail, fashion","beauty, fashion, auto","beauty, fashion, health_med","beauty, fashion, industrial","beauty, auto, health_med","beauty, auto, health_med","beauty, auto, health_med","beauty, health_med, pets","beauty, auto, health_med","beauty, health_med, pets","beauty, auto, health_med","beauty, auto, pets","beauty, auto, health_med","beauty, health_med, auto","beauty, health_med, pets","beauty, health_med, pets","beauty, health_med, pets","beauty, health_med, auto","beauty, auto, health_med","health_med, beauty, fashion","beauty, health_med, pets","beauty, health_med, fashion","beauty, sports, health_med","beauty, health_med, fashion","beauty, health_med, pets","beauty, health_med, pets",80.2,74.5,79.3,77,73,83.4,89.3,85.8,80.6,96.6,103.6,103.8,103,94.4,102,89,93.2,104.7,98.4,115.2,111,109,103.7,74.2,86.6,96.6,108.9,103.9,105.4,122.1,120.3,126.4,128.5,125.5,115,14.4
Arkansas,AR,5,3011524,35,48,44,33,12,29,43,41,17,33,24,18,27,25,25,23,20,21,32,20,26,27,39,37,34,30,20,17,29,24,32,38,29,34,38,44,39,44,36,38,38,42,41,43,40,46,39,40,39,39,48,48,45,48,48,46,45,46,45,45,46,46,47,48,47,48,43,42,42,48,29,6,33,4,1,5,5,31,29,31,18,25,24,25,25,20,26,26,25,31,34,33,38,30,32,35,33,15,28,23,32,31,30,34,32,"fashion, pets, hobby","software_it, sports, fashion","fashion, pets, music","software_it, education, music","software_it, music, retail","software_it, pets, hobby","software_it, pets, hobby","hobby, pets, retail","hobby, health_med, fashion","pets, hobby, retail","outdoors, hobby, fashion","pets, fashion, outdoors","retail, pets, fashion","retail, fashion, pets","retail, fashion, pets","homedecor, retail, pets","fooddrink, retail, hobby","retail, pets, education","homedecor, retail, pets","retail, homedecor, hobby","retail, homedecor, hobby","retail, homedecor, health_med","fooddrink, retail, homedecor","homedecor, education, retail","homedecor, retail, hobby","retail, hobby, homedecor","retail, homedecor, hobby","homedecor, fashion, retail","homedecor, retail, hobby","hobby, homedecor, retail","homedecor, retail, health_med","homedecor, retail, agriculture","homedecor, retail, agriculture","homedecor, health_med, retail","homedecor, health_med, education",142.9,131.6,89.6,85.7,85.9,98.2,96.2,100.6,109.1,116.2,137,132,115.8,112,121,106.3,111.7,126.7,109.8,132.2,151.1,172.6,133.4,86.3,101.3,108.8,119.2,110,118.2,135.2,119.4,129.1,135.8,145.9,142.8,13.4
California,CA,6,39538224,14,15,16,16,24,15,25,18,19,26,19,21,19,21,21,22,24,19,23,25,23,23,21,17,19,16,19,18,11,14,16,14,15,17,7,20,22,22,25,25,21,20,28,23,22,20,22,21,20,20,22,22,20,20,21,22,22,23,21,22,19,23,24,25,27,25,27,26,25,26,25,25,22,23,23,28,27,23,26,30,30,29,26,29,29,31,34,28,31,32,32,36,35,33,35,28,29,30,27,25,26,19,25,26,30,"fashion, beauty, health_med","auto, beauty, health_med","beauty, health_med, auto","profsvcs, beauty, auto","homesvcs, beauty, fashion","beauty, health_med, fashion","beauty, auto, health_med","health_med, fashion, auto","fashion, fooddrink, health_med","auto, fashion, health_med","fashion, beauty, auto","auto, beauty, fashion","auto, beauty, fashion","beauty, auto, fashion","beauty, auto, fashion","auto, beauty, fashion","auto, beauty, health_med","auto, beauty, health_med","auto, beauty, health_med","auto, beauty, health_med","auto, beauty, fashion","auto, beauty, health_med","auto, beauty, health_med","auto, beauty, health_med","auto, beauty, health_med","auto, beauty, health_med","auto, beauty, health_med","auto, retail, beauty","auto, hobby, health_med","auto, health_med, beauty","auto, beauty, hobby","retail, auto, beauty","auto, beauty, fashion","auto, beauty, health_med","auto, fashion, beauty",75.1,71.6,71.9,67.5,67.3,74.3,74.2,76.6,81.8,123,87.9,90.5,84.6,84.4,92.5,83.3,89.3,99.9,93.8,105.5,105.4,116.2,98.4,69.8,80.2,90.1,100,94.9,94.2,101.3,98.5,109.3,112.4,116.5,110.4,13
Colorado,CO,8,5773714,13,11,14,12,17,9,10,15,22,17,14,7,16,20,20,25,28,14,18,19,19,15,14,23,33,25,23,19,17,19,19,22,21,21,28,10,13,13,14,13,11,11,12,11,13,19,18,17,18,18,16,18,18,17,17,18,16,14,16,14,16,16,16,13,12,14,12,12,12,13,16,16,18,15,21,13,14,13,8,19,17,23,21,21,21,25,23,20,14,24,11,28,34,37,39,32,27,25,6,5,21,20,17,24,33,"photography, health_med, retail","health_med, photography, retail","health_med, photography, restaurant","health_med, retail, photography","health_med, photography, hobby","health_med, hobby, photography","health_med, hobby, photography","hobby, health_med, fooddrink","fooddrink, hobby, health_med","health_med, hobby, fooddrink","hobby, health_med, retail","health_med, retail, hobby","health_med, hobby, beauty","retail, health_med, hobby","retail, health_med, hobby","retail, health_med, fooddrink","retail, health_med, hobby","retail, hobby, health_med","retail, hobby, health_med","hobby, retail, health_med","hobby, sports, retail","sports, hobby, retail","hobby, fitness_wellness, sports","sports, hobby, fitness_wellness","hobby, health_med, retail","retail, hobby, sports","sports, fooddrink, retail","fooddrink, sports, hobby","fashion, hobby, retail","fashion, retail, agriculture","fashion, sports, health_med","fashion, health_med, homesvcs","fashion, sports, homesvcs","sports, health_med, fashion","health_med, homesvcs, sports",74,82.3,88.4,67.4,68.1,77.1,73.4,84.2,75.3,86.7,94.4,95.9,93.2,111.2,92.2,85,93.7,95.8,93,101,109.6,108.8,109.8,68.4,79.4,87.8,100.1,92.4,92.4,99.5,95.4,104.6,110.6,117.9,115.4,13.3
Connecticut,CT,9,3605944,38,42,45,29,34,31,14,14,7,10,17,19,15,14,14,11,9,6,6,6,5,6,5,4,6,5,3,5,4,4,3,1,1,1,1,23,27,28,23,22,23,22,26,21,19,18,17,18,16,16,13,14,14,13,14,14,14,16,17,16,17,15,14,12,16,16,15,15,14,16,22,17,28,28,30,29,25,35,22,24,23,24,19,17,17,18,19,21,18,20,18,13,10,10,13,11,8,6,8,10,7,11,8,7,9,"personalsvcs, construction, health_med","personalsvcs, construction, health_med","construction, beauty, software_it","construction, software_it, beauty","health_med, beauty, construction","construction, beauty, health_med","fashion, beauty, health_med","health_med, construction, beauty","fashion, fooddrink, agriculture","fashion, fooddrink, industrial","industrial, beauty, fooddrink","fashion, industrial, beauty","industrial, fashion, guns","fashion, industrial, beauty","fashion, industrial, beauty","industrial, fashion, construction","fashion, industrial, beauty","fashion, industrial, fooddrink","industrial, fashion, health_med","fashion, industrial, health_med","fashion, industrial, retail","fashion, industrial, retail","fashion, retail, industrial","fashion, industrial, retail","fashion, industrial, education","fashion, retail, industrial","fashion, retail, industrial","fashion, retail, industrial","fashion, retail, industrial","fashion, fooddrink, retail","fashion, fooddrink, retail","fashion, fooddrink, retail","fashion, fooddrink, retail","fashion, fooddrink, retail","fashion, retail, fooddrink",81.8,78.1,79,77.2,73.5,80.8,81.9,87.5,88.6,97,122.9,111.2,103.5,105.1,106.6,96.5,94.8,99.2,99.4,115.7,111.9,112.9,112.2,76.6,90.7,102.5,111.5,105.3,106.5,107.6,107,117.7,124.9,130,134.6,13.7
Delaware,DE,10,989948,26,27,32,24,33,35,36,39,25,25,7,10,7,12,12,16,22,17,17,16,24,26,25,33,24,19,18,20,25,26,33,20,38,39,23,8,7,8,15,14,13,12,11,10,9,9,9,10,8,8,9,10,10,9,8,8,9,8,9,8,9,9,10,9,9,9,8,8,7,8,20,30,39,37,44,40,32,46,49,46,16,26,25,27,27,36,42,39,40,28,31,35,36,28,36,33,39,43,48,31,46,44,44,47,31,"charity_or_pol, pets, industrial","personalsvcs, charity_or_pol, events","personalsvcs, industrial, performer","industrial, personalsvcs, performer","personalsvcs, industrial, pets","personalsvcs, industrial, fashion","industrial, personalsvcs, sports","industrial, consulting, fashion","transportation, pets, fashion","beauty, consulting, fashion","sports, health_med, beauty","sports, health_med, fashion","sports, health_med, personalsvcs","fashion, health_med, retail","fashion, health_med, retail","fashion, industrial, pets","fashion, pets, health_med","fashion, retail, beauty","fashion, beauty, health_med","industrial, fashion, beauty","fashion, industrial, retail","industrial, fashion, beauty","industrial, fashion, sports","sports, industrial, beauty","industrial, fashion, sports","industrial, fashion, beauty","industrial, beauty, fashion","beauty, fashion, sports","fashion, sports, beauty","profsvcs, health_med, beauty","fashion, beauty, profsvcs","fashion, beauty, retail","fashion, beauty, sports","beauty, fashion, retail","retail, fashion, sports",84.6,77.5,66.2,62.7,62.1,66.1,71.6,68.7,78.3,82.4,98.7,91.4,91.1,84.4,91.6,80.3,79.4,87.2,82.5,114.8,105.6,113,109.4,71.5,78.2,89.8,95.4,88,89.7,94,93.5,98.6,123.1,115.6,124.4,13.1
Florida,FL,12,21538188,2,7,5,5,5,5,5,6,10,8,5,5,6,8,8,6,7,7,7,5,4,7,8,7,7,7,6,8,8,8,7,6,7,7,10,5,5,6,5,6,5,6,6,6,7,6,5,5,5,5,8,8,7,7,6,6,6,5,5,5,6,5,7,4,4,4,4,4,5,5,12,15,14,14,18,16,13,14,14,16,14,13,15,15,15,13,16,16,20,15,17,21,21,23,17,23,16,17,18,14,15,14,10,13,13,"fashion, health_med, beauty","health_med, fashion, beauty","health_med, sports, beauty","sports, health_med, retail","hobby, beauty, fashion","beauty, health_med, retail","beauty, health_med, retail","health_med, beauty, retail","fashion, retail, health_med","fashion, beauty, retail","fashion, beauty, health_med","health_med, beauty, fashion","health_med, beauty, fashion","retail, health_med, beauty","retail, health_med, beauty","retail, health_med, beauty","health_med, beauty, fashion","health_med, beauty, software_it","health_med, beauty, fashion","beauty, health_med, auto","beauty, health_med, fooddrink","health_med, beauty, fashion","beauty, health_med, fashion","health_med, beauty, fashion","health_med, beauty, fashion","health_med, beauty, fashion","health_med, beauty, sports","beauty, health_med, retail","health_med, beauty, fashion","health_med, beauty, auto","health_med, beauty, auto","health_med, beauty, auto","health_med, beauty, auto","health_med, beauty, sports","health_med, beauty, auto",86.7,79.8,86.1,80.6,79.3,87.1,85.3,82,84.3,101.7,101.2,99.2,90.8,83.9,94,85.8,91.4,105.6,99.6,117.6,114.8,108.8,103.4,71.3,81.7,93.1,112.2,104.7,108.1,118.9,115.6,122.3,123.3,123.1,117.1,12.6
Georgia,GA,13,10711908,7,9,7,8,11,10,11,9,13,13,8,12,11,9,9,8,12,10,9,8,7,9,9,10,13,11,12,12,18,12,11,11,13,14,16,6,6,5,6,4,4,4,4,4,2,2,2,2,1,1,2,3,2,2,2,2,2,2,2,3,3,3,3,3,3,2,2,3,3,3,15,18,12,20,27,17,19,19,19,22,21,19,22,18,18,24,31,22,23,18,5,19,31,35,26,22,30,29,33,30,27,26,23,27,29,"fashion, beauty, consulting","fashion, beauty, retail","fashion, beauty, retail","beauty, fashion, retail","fashion, retail, beauty","retail, beauty, fashion","beauty, fashion, retail","beauty, fashion, homesvcs","beauty, fashion, homesvcs","beauty, fashion, homesvcs","beauty, fashion, retail","beauty, fashion, retail","beauty, fashion, retail","fashion, beauty, retail","fashion, beauty, retail","beauty, fashion, retail","retail, fashion, beauty","photography, beauty, fashion","beauty, fashion, retail","beauty, fashion, homesvcs","photography, beauty, fashion","beauty, photography, fashion","beauty, fashion, homesvcs","beauty, fashion, homesvcs","photography, beauty, fashion","photography, beauty, fashion","beauty, fashion, homesvcs","beauty, fashion, photography","beauty, marketing, fashion","fashion, beauty, photography","beauty, fashion, photography","beauty, fashion, homesvcs","beauty, fashion, homesvcs","beauty, homesvcs, fashion","beauty, fashion, homesvcs",78.5,70.1,71.6,68.5,67.6,73.8,75.1,75.2,75.4,88.7,101.8,90.9,85.5,82.2,85.2,79.9,84,98.3,89,104.5,103.7,102.5,90,62,68.9,78.1,88.3,84.7,84.8,97.2,94,102.7,102.9,109.8,99.7,12.6
Hawaii,HI,15,1455271,32,35,42,28,15,38,41,24,9,7,4,8,9,7,7,2,1,4,4,3,6,3,4,9,14,14,10,14,16,22,27,39,25,28,25,15,12,9,12,8,12,17,16,16,14,15,15,16,17,17,17,11,17,18,19,17,18,18,18,18,24,18,21,18,24,22,24,27,22,27,40,41,40,38,24,41,47,38,20,12,13,16,11,6,6,8,11,11,15,21,24,18,24,15,23,19,18,19,16,29,30,18,28,21,11,"fashion, health_med, travel","fashion, health_med, restaurant","fashion, beauty, publicspace","fashion, fooddrink, beauty","fashion, music, health_med","health_med, fashion, agriculture","fashion, health_med, auto","fashion, health_med, agriculture","fashion, fooddrink, retail","fashion, software_it, retail","software_it, fashion, retail","software_it, fashion, retail","software_it, health_med, fashion","software_it, fashion, health_med","software_it, fashion, health_med","software_it, health_med, fashion","health_med, fashion, personal","health_med, personal, fashion","health_med, fashion, personal","health_med, personal, fashion","health_med, fashion, fooddrink","health_med, fashion, retail","health_med, retail, fashion","health_med, retail, fashion","health_med, retail, fashion","retail, health_med, fashion","health_med, retail, fashion","fashion, health_med, retail","retail, health_med, fooddrink","health_med, retail, fashion","health_med, fashion, retail","media, health_med, fashion","health_med, fashion, media","health_med, fashion, retail","health_med, software_it, media",76.1,75,74.5,70.4,70.9,75.6,74.3,74.8,86.3,89.3,84.1,85.4,82,79.1,88,89.1,90.7,95.3,89.3,110.1,117.9,123.8,129.3,109.5,104.1,104.7,135.8,145.9,147.2,154.5,151.6,188.3,197.6,202.9,184.6,12.9
Idaho,ID,16,1839106,6,5,6,6,6,6,7,11,11,16,22,24,22,16,16,17,21,11,10,9,12,11,18,19,17,12,17,32,26,29,28,18,11,19,21,12,10,11,8,10,9,9,10,12,18,16,21,24,22,22,25,21,21,21,20,20,24,25,20,24,18,20,18,22,22,19,25,21,23,20,14,12,13,10,14,11,8,9,10,14,12,17,13,11,11,14,9,9,11,7,10,20,15,20,2,3,2,18,7,16,17,15,15,14,16,"realestate, hobby, fooddrink","realestate, hobby, fooddrink","hobby, realestate, sports","realestate, hobby, fooddrink","realestate, sports, artdesign","realestate, sports, fooddrink","realestate, fooddrink, sports","fooddrink, realestate, hobby","retail, auto, sports","auto, realestate, sports","realestate, auto, fooddrink","realestate, auto, fooddrink","realestate, auto, fooddrink","realestate, fooddrink, sports","realestate, fooddrink, sports","realestate, auto, fooddrink","beauty, realestate, auto","beauty, realestate, fooddrink","beauty, realestate, auto","auto, beauty, realestate","beauty, auto, realestate","auto, fooddrink, realestate","fashion, realestate, auto","auto, realestate, fooddrink","retail, fooddrink, realestate","retail, auto, realestate","retail, fashion, fooddrink","auto, realestate, agriculture","fashion, realestate, auto","realestate, auto, sports","auto, realestate, sports","auto, realestate, sports","auto, realestate, sports","auto, realestate, sports","auto, realestate, beauty",85.4,80.7,81.4,79.5,73.3,80.7,79.1,78.1,81.5,91.1,91.7,97.1,95.5,94.3,91.4,83.2,90.3,107.1,95.8,118.4,127.2,137.5,119.7,76.1,107.1,107.8,111.3,113.3,105.3,113.4,106.1,114.8,126.1,131.4,122.5,13.2
Illinois,IL,17,12812508,40,37,40,38,35,27,30,26,24,21,20,20,21,19,19,14,19,16,12,12,16,19,22,27,26,29,33,38,38,38,40,42,40,43,42,37,34,40,40,43,37,41,39,39,33,32,28,31,29,29,26,28,22,25,23,23,23,20,23,27,26,27,30,30,29,30,32,29,32,33,37,32,25,22,33,26,26,32,30,21,22,18,16,19,19,19,24,23,22,22,2,3,16,32,31,30,34,33,40,38,34,37,29,35,40,"fashion, hobby, health_med","hobby, health_med, fashion","beauty, hobby, software_it","beauty, hobby, fashion","beauty, fashion, hobby","beauty, fashion, hobby","beauty, fashion, hobby","beauty, retail, fashion","retail, fashion, beauty","retail, fashion, beauty","retail, fashion, beauty","retail, fashion, beauty","retail, hobby, beauty","retail, beauty, fashion","retail, beauty, fashion","retail, beauty, fashion","retail, beauty, fashion","retail, beauty, fashion","retail, beauty, fashion","retail, beauty, fashion","health_med, beauty, retail","health_med, beauty, fashion","education, beauty, health_med","beauty, retail, health_med","beauty, retail, fashion","beauty, fashion, retail","beauty, fashion, profsvcs","beauty, fashion, retail","beauty, fashion, health_med","beauty, fashion, retail","beauty, fashion, health_med","beauty, fashion, retail","beauty, fashion, education","beauty, health_med, fashion","beauty, fashion, pets",89.1,82.2,83.2,82.5,87.1,89.6,86.7,85.5,96.9,101.9,107,115.1,106.8,95.5,103.2,95.3,99,102.5,94.6,115,110.5,107.2,105.2,69.5,85.8,102,110.6,107.8,109.3,116.8,108.1,128.1,132.8,137,133.6,13.4
Indiana,IN,18,6785528,45,38,28,44,40,28,13,40,37,34,38,35,23,28,28,31,35,30,33,30,32,32,31,29,29,32,30,21,22,16,15,19,22,23,22,48,47,46,47,45,44,47,47,48,44,44,41,39,42,42,42,43,43,42,41,39,40,39,40,43,43,43,42,43,41,45,39,41,45,45,48,43,38,45,40,24,39,45,38,35,38,40,42,37,37,34,36,33,34,30,33,34,33,34,34,27,28,27,31,21,24,22,36,31,36,"fashion, homesvcs, auto","fashion, auto, homesvcs","fashion, auto, beauty","fashion, beauty, industrial","beauty, fashion, auto","personal, auto, beauty","beauty, industrial, homesvcs","beauty, auto, industrial","beauty, fashion, auto","fashion, beauty, auto","beauty, fashion, auto","beauty, fashion, auto","beauty, fashion, auto","beauty, fashion, fooddrink","beauty, fashion, fooddrink","beauty, homesvcs, fashion","beauty, fashion, education","beauty, homesvcs, industrial","beauty, homesvcs, industrial","beauty, industrial, homesvcs","beauty, industrial, auto","beauty, industrial, construction","beauty, industrial, construction","beauty, construction, homesvcs","beauty, construction, fashion","beauty, construction, fashion","construction, beauty, retail","construction, beauty, industrial","construction, beauty, retail","travel, construction, retail","auto, construction, beauty","auto, construction, hobby","construction, auto, industrial","construction, industrial, education","construction, industrial, auto",92.7,85.9,88.2,82.1,81.5,94.3,94.2,92.8,98.4,136.6,118.7,110,110.2,109,108,99.5,103.7,114.9,108.5,122,125.9,114.9,126.2,78.7,100.6,115,121.2,109.6,119.7,124.9,124.2,138.2,138.3,143.9,151.4,13.1
Iowa,IA,19,3190369,31,28,24,26,38,32,29,34,41,27,44,43,41,34,34,37,37,33,25,31,27,25,33,34,37,37,38,34,33,33,25,27,24,18,14,32,29,32,33,31,34,37,32,34,29,37,38,35,36,36,36,38,36,35,36,36,36,35,36,37,37,36,41,34,39,38,44,44,38,34,19,19,10,19,29,23,12,17,13,2,25,11,17,14,14,23,20,25,33,38,27,16,29,31,22,20,23,24,36,27,35,33,31,23,22,"health_med, fashion, beauty","fashion, retail, health_med","retail, fashion, sports","fitness_wellness, beauty, sports","fashion, fitness_wellness, hobby","fashion, education, consulting","retail, fashion, sports","fashion, artdesign, sports","software_it, fashion, restaurant","software_it, education, agriculture","fashion, consulting, retail","fashion, fitness_wellness, education","fashion, hobby, business","software_it, health_med, fashion","software_it, health_med, fashion","retail, fashion, health_med","health_med, fashion, hobby","health_med, sports, education","education, sports, health_med","sports, fashion, health_med","health_med, financial, fitness_wellness","health_med, fooddrink, fashion","retail, health_med, fashion","health_med, retail, fashion","writing, homedecor, health_med","homedecor, retail, health_med","health_med, homedecor, fashion","homedecor, health_med, retail","homedecor, fashion, sports","sports, homedecor, beauty","health_med, retail, sports","retail, sports, fooddrink","marketing, sports, retail","fashion, retail, sports","retail, sports, health_med",98.1,92.6,90.7,84.5,98,96.4,98.1,107.4,122.2,132.3,124.8,121.7,121,133.7,136.4,110,114.1,130.3,131.7,145.8,134.7,134.1,139.1,93.7,110.5,124.6,134.2,123,126.7,136.6,131.1,144.1,150.6,151.8,149.1,14.2
Kansas,KS,20,2937880,19,22,36,40,41,37,34,35,38,41,30,29,45,42,42,50,49,47,47,49,48,45,49,49,50,50,49,51,51,49,47,45,47,48,50,47,48,47,48,48,48,50,49,50,50,48,49,49,49,49,49,49,49,49,50,49,48,48,50,49,49,48,49,51,50,50,49,50,50,49,8,8,11,16,11,10,9,5,7,11,10,10,14,13,13,17,21,18,28,36,43,31,43,44,48,12,21,9,13,3,14,8,9,33,8,"fashion, restaurant, retail","fashion, beauty, retail","fashion, beauty, retail","fashion, retail, beauty","education, fashion, fitness_wellness","fashion, retail, guns","fashion, retail, beauty","retail, fashion, beauty","retail, fashion, agriculture","homedecor, agriculture, fashion","health_med, fashion, agriculture","health_med, agriculture, fashion","health_med, agriculture, fashion","agriculture, fashion, health_med","agriculture, fashion, health_med","agriculture, fashion, health_med","agriculture, fashion, auto","agriculture, fashion, health_med","agriculture, restaurant, fashion","agriculture, profsvcs, health_med","agriculture, charity_or_pol, fashion","charity_or_pol, education, agriculture","agriculture, fashion, health_med","agriculture, fashion, profsvcs","agriculture, retail, fashion","fashion, agriculture, events","fashion, agriculture, artdesign","fashion, agriculture, retail","fashion, agriculture, auto","fashion, marketing, agriculture","fashion, agriculture, homesvcs","fashion, agriculture, industrial","fashion, industrial, sports","charity_or_pol, industrial, fashion","fashion, charity_or_pol, industrial",86.9,83.9,82.8,79.3,74.7,81.1,82.8,82.6,88.6,102.9,106.1,116.2,105.8,95.5,104.3,92.2,97.1,109.6,94.4,109.4,103.2,108.1,102.4,67.4,97.8,97.7,103.6,97.7,95.2,104.3,107,114.1,119.7,126.4,119,13.5
Kentucky,KY,21,4505836,46,50,49,50,49,46,48,49,49,46,43,28,35,31,31,35,44,49,43,45,47,42,20,30,43,48,48,48,48,46,44,44,43,26,19,39,45,38,41,34,39,44,45,44,45,42,36,36,38,38,40,41,38,39,40,38,37,42,38,36,32,37,44,42,42,39,41,45,47,44,1,1,2,3,3,4,6,8,31,5,3,3,4,4,4,4,6,4,4,3,4,6,5,5,9,5,5,4,3,4,8,9,3,4,5,"software_it, fashion, beauty","software_it, fashion, retail","software_it, fashion, retail","software_it, fashion, retail","software_it, retail, fashion","software_it, fashion, homedecor","fashion, software_it, homesvcs","fashion, software_it, health_med","retail, fashion, profsvcs","retail, fooddrink, homesvcs","retail, beauty, fashion","fashion, retail, homesvcs","fooddrink, fashion, homesvcs","homesvcs, retail, media","homesvcs, retail, media","homesvcs, fashion, beauty","homesvcs, fashion, beauty","beauty, homesvcs, fashion","beauty, financial, homesvcs","homesvcs, beauty, fashion","homesvcs, fashion, beauty","homesvcs, beauty, retail","homesvcs, retail, beauty","retail, homesvcs, beauty","homesvcs, retail, fashion","homesvcs, retail, health_med","retail, homesvcs, fashion","fashion, retail, industrial","fashion, retail, hobby","fashion, retail, hobby","fashion, retail, hobby","retail, fashion, health_med","fashion, fooddrink, retail","fooddrink, retail, fashion","retail, health_med, fashion",101.8,98.7,102.4,91.9,96.1,102.3,103.9,97.9,97.2,109.1,118.5,124.4,116.5,117.7,132,125.1,125.1,148.7,135.4,157.5,152.8,153.6,149.7,110,129.7,137.5,165.4,172,151.5,175,160.6,180.9,179.5,191.4,190.5,13.2
Louisiana,LA,22,4657757,16,19,18,15,23,26,19,27,34,18,18,9,20,15,15,12,13,8,8,11,9,10,12,8,5,24,22,15,12,21,13,13,18,15,15,17,21,23,21,20,19,19,18,18,16,12,11,11,11,11,12,12,11,14,13,11,11,12,12,13,14,14,12,16,13,13,18,16,16,17,24,22,30,29,31,34,33,30,43,28,24,14,18,16,16,26,32,24,21,16,19,9,7,6,14,36,32,32,14,35,18,21,24,28,10,"fashion, auto, fooddrink","fashion, beauty, fooddrink","fashion, beauty, hobby","fashion, beauty, fitness_wellness","fashion, beauty, fitness_wellness","fashion, beauty, retail","fashion, beauty, retail","fashion, beauty, retail","fashion, beauty, retail","fashion, retail, beauty","fashion, retail, beauty","retail, fashion, beauty","fashion, retail, beauty","fashion, beauty, health_med","fashion, beauty, health_med","retail, fashion, beauty","fashion, beauty, industrial","beauty, fashion, retail","industrial, beauty, fashion","beauty, fashion, industrial","beauty, fashion, industrial","retail, industrial, beauty","hobby, retail, beauty","hobby, fashion, beauty","industrial, fashion, beauty","beauty, fashion, industrial","beauty, fashion, retail","fashion, beauty, industrial","fashion, industrial, beauty","fashion, beauty, retail","industrial, beauty, fashion","industrial, beauty, fashion","beauty, fashion, industrial","auto, beauty, fashion","restaurant, beauty, media",98.2,90,96.1,82.9,83.1,96.3,92.4,92.3,100.6,112.9,119.7,138.1,113.9,107.1,109.2,110.1,117.1,135.1,113.1,135.6,133.4,152.2,126.7,88.7,107.7,97.3,120.4,125.6,116.3,125.2,116.8,132.8,129.6,132.8,129.1,13.4
Maine,ME,23,1362359,3,2,2,1,1,1,3,3,3,1,2,2,1,1,1,1,2,1,1,2,2,1,1,1,1,2,1,1,2,2,2,3,2,2,3,1,1,1,1,1,1,1,1,1,1,1,1,1,2,2,1,1,1,1,1,1,1,1,1,1,1,1,1,1,1,1,1,1,1,1,6,3,3,1,2,2,3,3,1,1,1,1,2,2,2,3,4,2,2,1,1,2,2,2,4,4,4,3,2,2,2,4,4,3,4,"fooddrink, auto, retail","fooddrink, retail, sports","sports, fooddrink, auto","fooddrink, fitness_wellness, auto","fooddrink, auto, beauty","fooddrink, auto, retail","education, fooddrink, beauty","fooddrink, auto, pets","fashion, auto, fooddrink","fashion, retail, fooddrink","retail, fashion, auto","retail, fashion, auto","retail, fashion, auto","retail, auto, beauty","retail, auto, beauty","retail, beauty, auto","retail, beauty, fashion","retail, auto, beauty","retail, hobby, auto","hobby, retail, auto","hobby, retail, auto","hobby, retail, auto","hobby, auto, retail","hobby, auto, retail","hobby, auto, retail","hobby, auto, retail","hobby, auto, retail","hobby, auto, retail","hobby, auto, retail","hobby, marketing, beauty","hobby, marketing, retail","hobby, health_med, retail","hobby, retail, health_med","hobby, health_med, auto","hobby, health_med, retail",99.5,89.7,87.3,81.2,87.6,90.1,88.8,84.9,112.8,151.8,128.9,130.2,129.8,120.3,124.9,104.5,116.5,128.5,126,127.8,123.4,128.6,134.7,98.2,117.6,117.5,131.1,121.5,129.1,127.9,118.7,129.9,129.1,140.6,146.3,13.8
Maryland,MD,24,6177224,23,16,20,17,20,14,16,25,26,20,11,15,10,6,6,18,15,18,13,10,11,14,16,12,12,15,13,13,13,18,17,16,17,16,11,9,9,10,10,9,7,8,9,9,8,7,4,6,7,7,6,6,5,4,5,5,5,6,7,7,7,8,8,6,6,6,6,7,9,9,36,36,32,21,36,21,28,29,36,43,31,33,28,28,28,32,37,37,29,23,26,29,26,26,30,26,25,31,30,28,29,27,27,29,26,"beauty, health_med, fashion","beauty, sports, health_med","beauty, sports, health_med","sports, beauty, health_med","beauty, fashion, health_med","beauty, charity_or_pol, health_med","beauty, financial, health_med","beauty, retail, health_med","beauty, fashion, retail","beauty, fashion, fooddrink","beauty, fashion, health_med","beauty, fashion, health_med","beauty, fashion, artdesign","beauty, fashion, artdesign","beauty, fashion, artdesign","beauty, sports, fashion","beauty, fashion, restaurant","beauty, fashion, retail","beauty, fashion, agriculture","beauty, fashion, health_med","beauty, fashion, health_med","beauty, software_it, fashion","software_it, beauty, fashion","beauty, software_it, fashion","beauty, fashion, software_it","beauty, fashion, software_it","beauty, sports, fashion","beauty, sports, fashion","beauty, fashion, restaurant","beauty, agriculture, health_med","beauty, agriculture, health_med","beauty, agriculture, entertainment","beauty, entertainment, health_med","beauty, hobby, entertainment","beauty, restaurant, health_med",71.3,71.2,72.8,61.8,59.4,68.1,69.9,75.7,74.5,86.2,94.3,91.2,89.9,84.2,88.1,78.8,81.2,87.9,84.2,100.3,95.7,93.9,91,61.7,71.8,85.5,99,87.1,92.5,92.7,90.4,98.3,107.2,113.3,114.2,13.5
Massachusetts,MA,25,7029917,22,26,17,19,28,22,26,20,20,22,21,22,17,18,18,24,25,23,22,32,25,18,23,22,22,17,16,22,23,28,26,31,28,24,32,27,30,29,28,29,29,28,29,27,27,23,26,27,27,27,23,24,33,23,27,28,28,33,24,26,28,26,27,28,32,32,35,34,35,32,2,9,6,5,7,6,15,10,3,4,4,5,5,3,3,5,10,10,13,8,14,12,12,14,15,16,11,11,11,11,13,16,12,11,19,"retail, health_med, fashion","fashion, health_med, retail","fashion, beauty, retail","retail, fashion, beauty","retail, fashion, fooddrink","retail, fashion, beauty","retail, fashion, beauty","fooddrink, retail, fashion","fooddrink, retail, fashion","fashion, retail, fooddrink","fashion, retail, fooddrink","fashion, retail, fooddrink","homedecor, fashion, retail","retail, fashion, hobby","retail, fashion, hobby","hobby, retail, homedecor","homedecor, hobby, fashion","hobby, health_med, fashion","fashion, retail, hobby","fashion, homedecor, hobby","fashion, health_med, hobby","fashion, auto, health_med","fashion, homedecor, health_med","fashion, health_med, homedecor","fashion, health_med, homedecor","fashion, health_med, homedecor","fashion, health_med, homedecor","fashion, health_med, auto","fashion, auto, health_med","fashion, health_med, auto","fashion, health_med, auto","fashion, health_med, hobby","fashion, health_med, homesvcs","fashion, auto, health_med","fashion, health_med, homesvcs",95.9,90.9,87.3,83.5,79.4,86.3,84.1,83,93.3,106.4,113.7,122.8,115.2,106.5,108.2,103.3,106.9,112.6,106.7,126.7,130.5,134.6,130.4,91.9,103.4,117.8,129.9,125.9,125.8,124.7,118,134.3,137,149.2,140.5,13.5
Michigan,MI,26,10077331,42,43,39,35,37,41,42,33,40,36,40,37,24,24,24,36,36,29,36,36,36,34,28,38,38,40,32,28,42,37,39,30,26,29,26,41,37,37,39,41,33,39,33,33,30,31,30,33,32,32,30,30,29,28,24,25,25,26,26,25,27,28,28,27,25,28,26,25,27,28,38,45,41,42,42,44,41,40,44,45,47,43,41,41,41,48,48,44,47,43,42,41,42,43,43,47,43,41,47,44,45,43,42,42,43,"fashion, auto, hobby","fashion, auto, hobby","auto, fashion, hobby","fashion, sports, hobby","fashion, sports, hobby","sports, fashion, hobby","hobby, fashion, sports","fashion, hobby, health_med","fashion, restaurant, auto","fashion, beauty, auto","beauty, fashion, sports","beauty, sports, fashion","beauty, fashion, sports","beauty, fashion, health_med","beauty, fashion, health_med","beauty, fashion, retail","beauty, fashion, retail","beauty, fashion, sports","beauty, fashion, sports","fashion, beauty, sports","beauty, fashion, sports","beauty, auto, fashion","beauty, sports, auto","beauty, sports, auto","beauty, hobby, sports","beauty, fashion, auto","beauty, fashion, restaurant","beauty, fashion, auto","beauty, retail, fashion","beauty, sports, fashion","beauty, sports, fashion","beauty, sports, fashion","beauty, sports, retail","beauty, sports, fashion","beauty, sports, fashion",90.8,86.2,84.2,81.6,84,89.1,92.3,84,95.3,124.7,107.2,113.1,111.7,100.8,105.2,105.4,105.2,110.3,105.1,131.2,127.6,128.9,120.6,80.3,95.3,106,117.9,106.6,109.7,122.9,109.5,123.9,130.9,130.9,125.6,13.5
Minnesota,MN,27,5706494,47,49,46,48,44,48,45,45,43,19,28,48,50,51,51,47,40,48,45,47,45,48,45,45,45,42,42,45,43,43,42,40,42,44,43,46,43,43,45,47,47,38,42,46,42,47,47,48,47,47,44,44,41,45,43,41,39,37,42,41,40,42,43,46,44,41,40,38,44,42,3,2,1,2,4,3,4,6,16,9,11,7,7,7,7,9,7,8,9,11,9,14,11,8,12,7,10,13,9,7,6,5,7,5,6,"homesvcs, retail, fashion","homesvcs, retail, restaurant","homesvcs, restaurant, fashion","homesvcs, restaurant, fashion","homesvcs, restaurant, retail","homesvcs, restaurant, retail","homesvcs, fashion, restaurant","homesvcs, retail, hobby","homesvcs, agriculture, fashion","homesvcs, artdesign, agriculture","homesvcs, artdesign, retail","retail, homesvcs, fashion","retail, homesvcs, fashion","homesvcs, fashion, restaurant","homesvcs, fashion, restaurant","homesvcs, fashion, restaurant","homedecor, homesvcs, artdesign","homesvcs, homedecor, fashion","education, homesvcs, fashion","homesvcs, health_med, auto","homesvcs, sports, fashion","homesvcs, artdesign, sports","homesvcs, artdesign, health_med","homesvcs, health_med, retail","artdesign, homesvcs, sports","retail, fashion, homesvcs","fashion, artdesign, homesvcs","retail, fashion, homesvcs","retail, fashion, homesvcs","retail, fashion, homesvcs","retail, homesvcs, fashion","retail, sports, fashion","retail, fashion, homesvcs","retail, fashion, homesvcs","retail, homesvcs, fashion",88.3,84.2,86.3,85.5,87.9,93.8,91.1,91.8,100.7,105.7,112.8,109.1,112.4,99.4,103.9,99,100.3,107.8,103.8,120.8,114.4,108.9,106.4,73.1,86.7,95.3,106.1,100.3,99.7,115.2,106,117.2,123.8,123.5,121,13.9
Mississippi,MS,28,2961279,50,46,51,49,50,51,49,50,51,49,41,31,36,33,33,43,45,41,35,33,38,41,34,25,11,1,45,47,45,47,45,47,49,50,46,40,41,48,44,44,41,43,46,42,32,28,20,25,24,24,37,37,34,36,35,26,32,21,27,40,33,38,40,39,36,35,42,39,43,41,47,46,48,39,49,48,49,49,51,47,40,39,30,34,34,35,43,35,35,40,39,39,32,7,10,2,46,50,46,47,50,50,50,51,49,"retail, beauty, fashion","retail, beauty, fashion","retail, beauty, entertainment","retail, fooddrink, beauty","retail, beauty, fashion","retail, beauty, fashion","beauty, retail, fashion","beauty, fashion, retail","beauty, fashion, retail","education, beauty, fashion","education, beauty, fashion","education, health_med, retail","beauty, health_med, retail","beauty, health_med, retail","beauty, health_med, retail","beauty, health_med, retail","beauty, health_med, fashion","beauty, health_med, fashion","beauty, health_med, fashion","beauty, health_med, fashion","beauty, health_med, education","beauty, health_med, education","fashion, beauty, health_med","fashion, beauty, health_med","beauty, health_med, fashion","beauty, health_med, fashion","beauty, health_med, fashion","beauty, health_med, fashion","beauty, fashion, retail","beauty, health_med, fashion","beauty, education, fashion","beauty, fashion, retail","beauty, fashion, retail","beauty, fashion, retail","beauty, sports, retail",99.8,95.2,86.1,90.1,88.5,94.8,87.1,87.5,83.1,93.6,94.4,95.7,91.9,87.8,93.4,87.9,87.6,101.3,89.4,108.6,100.8,97.8,96.3,68.9,88.5,101.1,108.5,105.5,106.2,119.8,108.9,111.2,109.4,111.4,105.7,13
Missouri,MO,29,6154913,28,23,26,21,16,21,27,22,30,38,39,38,42,39,39,38,31,32,40,35,33,36,36,20,23,28,34,37,36,32,38,35,32,27,34,33,31,33,31,28,27,25,24,25,25,25,27,29,30,30,33,35,31,32,32,30,33,34,32,34,36,31,33,32,30,33,33,31,34,36,23,23,23,24,22,25,29,25,32,29,32,31,34,33,33,29,28,36,27,39,36,38,39,39,38,42,20,35,39,39,40,39,37,39,41,"beauty, fashion, health_med","beauty, retail, health_med","beauty, fashion, health_med","beauty, health_med, fashion","beauty, health_med, fashion","beauty, health_med, fashion","beauty, health_med, fashion","beauty, health_med, hobby","health_med, fashion, retail","beauty, fashion, health_med","beauty, health_med, fashion","beauty, fashion, health_med","beauty, fashion, health_med","beauty, health_med, fashion","beauty, health_med, fashion","beauty, fashion, health_med","retail, beauty, fashion","beauty, retail, fashion","retail, beauty, fashion","beauty, fashion, retail","beauty, fashion, homesvcs","beauty, fashion, health_med","beauty, retail, fashion","beauty, retail, fashion","beauty, retail, fashion","beauty, fashion, retail","fashion, beauty, retail","retail, fashion, beauty","retail, fashion, beauty","health_med, retail, fashion","fashion, health_med, retail","retail, health_med, beauty","health_med, retail, fashion","health_med, retail, fashion","health_med, fashion, retail",87.5,91.1,93,82.9,85.5,87.2,87,85.6,99.8,103.5,105.5,103.3,100.9,99.5,102.4,91.1,96.6,106.4,134.9,129,119.1,115.2,120.4,83.9,87.3,106.6,119.2,113.9,109.7,119.2,113.1,130,137.1,137.7,132.4,13.4
Montana,MT,30,1084225,8,10,10,18,9,13,18,16,29,40,42,34,38,46,46,34,14,34,27,40,35,35,27,21,27,45,41,42,28,31,29,28,31,32,29,11,17,18,13,12,10,29,17,20,23,24,25,23,26,26,19,19,30,29,33,34,30,30,33,19,31,19,19,19,19,24,16,20,21,15,18,29,29,41,26,37,45,36,40,44,41,41,36,47,47,37,29,34,46,47,40,37,23,22,21,40,42,46,37,32,37,36,35,30,15,"fooddrink, restaurant, health_med","fooddrink, fashion, fitness_wellness","fooddrink, fashion, fitness_wellness","fashion, fooddrink, retail","fooddrink, restaurant, retail","fooddrink, health_med, agriculture","fooddrink, health_med, homesvcs","fooddrink, health_med, realestate","fooddrink, health_med, agriculture","health_med, homesvcs, sports","fashion, health_med, homesvcs","restaurant, health_med, fashion","restaurant, health_med, fooddrink","profsvcs, health_med, fashion","profsvcs, health_med, fashion","profsvcs, health_med, fashion","profsvcs, restaurant, health_med","profsvcs, health_med, fashion","health_med, profsvcs, homesvcs","health_med, fooddrink, auto","health_med, auto, fooddrink","transportation, auto, health_med","transportation, fooddrink, health_med","transportation, fooddrink, restaurant","transportation, fooddrink, sports","auto, health_med, fooddrink","auto, health_med, fooddrink","auto, fooddrink, health_med","auto, restaurant, health_med","auto, health_med, fooddrink","auto, health_med, transportation","auto, health_med, transportation","auto, transportation, health_med","auto, transportation, health_med","transportation, auto, health_med",88.8,84.3,86.1,80.5,79.6,90.1,95.8,80.5,93.7,101.3,106.4,108.7,115.7,108.1,115.8,103.4,104.1,118.7,100.9,121.3,143,158.6,133,83.9,101.2,101.4,107.7,102.8,106.7,119.5,111,126.5,133.6,134.2,136.6,14.4
Nebraska,NE,31,1961504,49,51,50,46,47,44,33,21,27,32,34,45,40,37,37,45,42,38,39,44,41,44,43,41,46,44,44,50,50,50,49,50,51,49,47,49,49,50,49,49,49,48,48,49,48,49,48,46,43,43,46,47,48,46,46,44,44,49,47,47,48,49,48,45,48,40,48,49,48,47,43,51,50,50,51,35,30,26,46,26,37,37,27,35,35,45,45,43,36,48,50,50,25,49,50,50,51,51,51,51,47,51,51,49,51,"fooddrink, fitness_wellness, education","retail, health_med, travel","profsvcs, health_med, education","hobby, health_med, fashion","health_med, hobby, profsvcs","profsvcs, beauty, health_med","profsvcs, health_med, fashion","profsvcs, guns, retail","fashion, profsvcs, fooddrink","homedecor, software_it, profsvcs","profsvcs, guns, fashion","profsvcs, beauty, fashion","profsvcs, beauty, fashion","profsvcs, health_med, restaurant","profsvcs, health_med, restaurant","profsvcs, auto, fashion","profsvcs, fooddrink, fashion","profsvcs, agriculture, guns","profsvcs, hobby, agriculture","profsvcs, guns, agriculture","profsvcs, charity_or_pol, agriculture","profsvcs, agriculture, health_med","travel, profsvcs, sports","retail, profsvcs, sports","homedecor, profsvcs, sports","profsvcs, sports, agriculture","profsvcs, fashion, health_med","retail, homedecor, fashion","retail, realestate, agriculture","retail, agriculture, fashion","retail, agriculture, industrial","construction, beauty, health_med","health_med, fashion, agriculture","fashion, homedecor, health_med","health_med, fashion, agriculture",91.9,86.2,83.8,79.4,79.4,96.7,89.3,93.2,99.5,125.1,121.7,114.8,110.3,94.9,95.5,89.5,99.7,102.7,91.4,117.9,131.1,151.2,120.9,77.1,94.2,108.9,112,117.5,126.9,128.9,125.6,132.1,132.7,166.5,151.5,13.9
Nevada,NV,32,3104614,10,8,8,7,7,7,8,4,4,6,3,1,3,5,5,10,11,13,11,13,10,5,6,6,9,8,8,10,10,7,9,9,10,13,13,4,4,4,4,5,6,5,5,7,5,4,7,7,6,6,7,7,6,8,7,7,8,7,6,6,5,7,4,5,5,5,5,6,6,7,13,14,15,18,20,14,16,11,17,18,19,22,20,23,23,27,33,29,24,26,28,22,30,24,28,25,24,23,22,15,9,6,13,16,12,"retail, health_med, construction","health_med, retail, construction","health_med, retail, auto","retail, health_med, construction","health_med, retail, construction","health_med, beauty, retail","health_med, retail, construction","health_med, retail, construction","restaurant, health_med, retail","health_med, retail, auto","health_med, auto, beauty","health_med, beauty, fashion","health_med, beauty, sports","health_med, beauty, fashion","health_med, beauty, fashion","health_med, beauty, sports","health_med, beauty, sports","health_med, beauty, sports","health_med, beauty, sports","health_med, sports, beauty","health_med, beauty, fashion","health_med, charity_or_pol, beauty","health_med, beauty, fashion","health_med, beauty, fashion","health_med, beauty, adult","health_med, beauty, retail","health_med, beauty, retail","health_med, beauty, retail","health_med, beauty, retail","health_med, consulting, beauty","consulting, profsvcs, health_med","consulting, profsvcs, health_med","consulting, beauty, profsvcs","profsvcs, health_med, beauty","profsvcs, health_med, beauty",92.1,83.8,81.4,78.9,90.9,105.7,116.1,111.4,94.5,97.5,98.7,108.4,95,95.4,107.9,89.5,99.1,112.2,108,118.2,110.8,119.1,112.7,71.5,84,95,107.4,119,116.4,134.8,122.4,134.8,135,132.3,125.7,12.4
New Hampshire,NH,33,1377529,5,4,4,4,3,3,2,2,6,4,13,4,4,3,3,5,4,3,3,4,3,4,3,3,3,4,2,4,7,6,5,7,6,6,6,3,3,3,3,3,3,3,3,3,4,5,8,4,3,3,3,2,4,3,3,4,3,3,4,4,2,4,6,7,7,8,7,9,8,6,10,13,7,8,10,8,1,2,6,15,20,12,9,5,5,15,15,12,12,17,20,24,28,18,20,15,13,16,19,13,10,29,26,18,24,"education, beauty, retail","education, beauty, retail","education, sports, beauty","beauty, sports, education","sports, beauty, hobby","education, sports, hobby","homesvcs, education, beauty","homesvcs, beauty, hobby","fooddrink, hobby, homesvcs","beauty, fashion, retail","beauty, fashion, education","retail, fashion, education","fooddrink, fashion, beauty","fashion, retail, beauty","fashion, retail, beauty","beauty, sports, fashion","beauty, sports, retail","sports, beauty, fitness_wellness","sports, beauty, retail","retail, health_med, beauty","beauty, education, health_med","retail, education, health_med","retail, health_med, beauty","beauty, health_med, retail","beauty, health_med, fooddrink","beauty, retail, health_med","beauty, health_med, sports","beauty, sports, retail","sports, retail, beauty","sports, construction, health_med","software_it, retail, health_med","health_med, artdesign, retail","retail, artdesign, health_med","auto, health_med, retail","retail, auto, beauty",109.8,100.6,101.6,100.3,98.4,105.3,99.8,93.9,101.5,124.8,139.9,138.4,140.2,132.2,152.9,118.9,121.5,139.2,135.2,156.5,150.9,147.1,141.4,104.3,117,139.3,154.2,140.2,143.9,145.2,144.3,148.9,147.4,155.3,152.1,14
New Jersey,NJ,34,9288994,29,21,25,23,29,19,6,12,15,14,9,14,13,11,11,9,8,12,15,15,14,13,11,13,18,23,21,23,21,23,24,21,20,22,17,26,28,30,34,32,30,27,30,28,24,21,19,19,21,21,20,20,19,19,18,19,19,24,22,20,22,21,26,23,26,27,28,28,26,24,32,28,31,30,35,27,21,20,23,25,26,28,29,20,20,6,3,3,5,10,3,7,6,3,6,10,7,10,5,1,3,7,14,8,21,"fitness_wellness, sports, retail","fitness_wellness, sports, fashion","fitness_wellness, health_med, retail","fitness_wellness, sports, beauty","fitness_wellness, beauty, sports","fitness_wellness, education, retail","retail, fitness_wellness, profsvcs","fitness_wellness, retail, health_med","fitness_wellness, retail, fooddrink","retail, fitness_wellness, fooddrink","retail, fitness_wellness, fashion","fitness_wellness, retail, beauty","fitness_wellness, retail, sports","retail, fitness_wellness, sports","retail, fitness_wellness, sports","retail, health_med, fitness_wellness","retail, consulting, health_med","retail, health_med, fitness_wellness","retail, restaurant, health_med","sports, beauty, health_med","restaurant, beauty, sports","restaurant, sports, beauty","music, fooddrink, beauty","music, fashion, health_med","music, fooddrink, beauty","fooddrink, beauty, music","music, fashion, sports","sports, beauty, fooddrink","sports, fooddrink, beauty","sports, fooddrink, beauty","fashion, beauty, fooddrink","fashion, beauty, sports","beauty, sports, fashion","music, fashion, beauty","beauty, sports, retail",92.7,84.7,84.5,78.1,78.8,97.7,89.5,80.9,87.4,95,108.8,109.7,111.9,102.8,110.3,98.8,101.1,108.2,102.7,118.7,122.3,127.6,123.3,79.8,94.3,109.4,131.7,121.1,123.2,127.1,122.5,133.5,136.7,139.4,140.2,13.3
New Mexico,NM,35,2117522,48,45,48,47,46,45,46,46,42,48,37,40,44,36,36,42,38,45,41,43,40,40,47,42,32,41,37,36,39,44,43,46,48,51,49,34,40,31,30,40,43,36,40,29,38,26,33,41,45,45,35,40,40,38,42,43,43,45,43,38,42,40,35,38,38,44,46,46,46,46,45,40,49,49,46,50,50,48,42,49,49,47,50,49,49,44,40,48,48,46,47,49,49,48,44,48,45,45,12,48,44,47,48,50,48,"charity_or_pol, education, sports","retail, beauty, fashion","beauty, retail, artdesign","hobby, beauty, retail","education, fashion, retail","beauty, hobby, fashion","fashion, beauty, retail","education, fashion, fooddrink","education, fashion, retail","retail, fitness_wellness, fashion","health_med, retail, fashion","health_med, retail, artdesign","fashion, hobby, artdesign","fashion, health_med, retail","fashion, health_med, retail","fashion, retail, fooddrink","fashion, retail, fooddrink","fashion, retail, fooddrink","fashion, fooddrink, retail","software_it, fashion, fooddrink","fashion, retail, fooddrink","fashion, fooddrink, retail","fashion, fooddrink, retail","retail, fashion, fooddrink","fashion, beauty, fooddrink","fashion, fooddrink, artdesign","fashion, artdesign, fooddrink","fashion, retail, fooddrink","photography, fashion, fooddrink","fashion, retail, artdesign","fitness_wellness, fooddrink, retail","fooddrink, artdesign, retail","financial, charity_or_pol, fooddrink","financial, fooddrink, retail","financial, education, artdesign",101.1,92.1,95,81.9,77.1,86.1,87.5,84.8,88.6,99.9,100.3,97.1,102.4,107.9,106.8,89.3,93.8,100.2,97.8,117.7,115.4,108.5,107.3,79.8,95.3,110.8,120.5,103.4,105.3,110.6,110.3,126.9,136.2,134.4,128.5,14.1
New York,NY,36,20201248,39,36,41,37,32,42,28,29,33,35,35,36,34,32,32,41,32,25,24,29,30,28,38,35,40,38,40,40,30,27,37,34,34,38,39,38,42,42,42,39,40,40,44,47,35,35,32,32,28,28,29,29,28,27,26,27,27,31,34,31,34,32,32,31,31,31,34,35,36,37,28,26,20,31,28,19,17,22,25,6,9,8,6,8,8,16,13,17,10,2,6,10,8,11,16,9,9,5,10,12,11,12,6,9,7,"fashion, health_med, auto","fashion, health_med, beauty","fashion, retail, beauty","fashion, retail, beauty","fashion, beauty, retail","fashion, beauty, health_med","auto, fashion, personalsvcs","health_med, retail, fashion","health_med, retail, beauty","software_it, events, law","beauty, software_it, health_med","health_med, beauty, retail","beauty, retail, pets","profsvcs, retail, beauty","profsvcs, retail, beauty","beauty, fashion, retail","health_med, software_it, beauty","beauty, health_med, fashion","law, beauty, fashion","education, fashion, beauty","fashion, health_med, marketing","fashion, health_med, beauty","sports, beauty, health_med","auto, health_med, personal","auto, fashion, hobby","retail, auto, fashion","auto, beauty, fashion","personal, fashion, auto","retail, fashion, auto","fashion, retail, industrial","education, industrial, beauty","education, writing, auto","writing, beauty, auto","beauty, law, industrial","personal, beauty, auto",85.6,83.9,99.5,106.4,135.7,190.5,121.6,167.7,107,99,102.9,115.1,99.2,94.8,96.1,95,90.5,103.2,93.6,106.5,110.4,113.5,105.1,71.6,82.6,100.9,108.9,100.5,103.9,103.6,106.7,113.6,120.5,133.3,130.1,13.2
North Carolina,NC,37,10439388,18,18,19,20,26,30,32,30,35,9,25,25,18,23,23,15,23,26,34,24,21,22,26,26,28,26,24,33,40,39,34,24,23,33,37,14,16,15,16,18,16,16,15,15,12,13,13,13,13,13,14,13,13,12,12,13,13,13,13,12,12,12,13,14,15,15,14,13,15,11,31,35,35,32,37,31,43,37,34,42,43,36,37,38,38,41,39,13,3,5,7,15,18,9,1,29,17,20,44,45,43,45,45,43,42,"events, fashion, beauty","events, fashion, beauty","fashion, beauty, retail","retail, fashion, beauty","fashion, beauty, retail","performer, fashion, beauty","beauty, fashion, health_med","beauty, health_med, fashion","health_med, retail, fashion","beauty, fashion, events","beauty, fashion, retail","beauty, fashion, artdesign","fashion, beauty, retail","beauty, fashion, industrial","beauty, fashion, industrial","beauty, fashion, health_med","health_med, fashion, beauty","homesvcs, beauty, health_med","homesvcs, beauty, fashion","homesvcs, beauty, fashion","homesvcs, beauty, fashion","homesvcs, beauty, fashion","homesvcs, beauty, fashion","homesvcs, beauty, fashion","homesvcs, beauty, fashion","homesvcs, beauty, fashion","homesvcs, beauty, fashion","homesvcs, beauty, fashion","beauty, fashion, retail","beauty, fashion, sports","beauty, fashion, sports","beauty, fashion, sports","beauty, fashion, health_med","beauty, industrial, fashion","beauty, industrial, fashion",89.2,85.5,88.6,81.4,78.8,89.3,88,81.8,84.8,98.1,102.8,112,106.1,99.1,112.6,99.5,105.2,106.7,114.9,117.6,115.9,113.7,121.7,81.8,89.5,112.9,128.2,111.2,105.8,114,112.7,124.7,127.8,139.1,139.5,13.2
North Dakota,ND,38,779094,51,47,37,25,51,50,50,51,50,51,51,51,51,47,47,51,51,44,50,46,49,51,51,46,15,13,7,2,1,1,1,2,5,4,2,50,50,49,50,50,50,49,50,45,49,50,50,51,51,51,50,51,50,50,49,51,50,50,49,50,50,51,50,49,49,49,50,48,49,50,50,49,44,33,48,45,42,51,48,48,50,48,45,48,48,12,25,49,49,45,48,47,50,45,40,39,31,37,29,20,20,25,22,17,35,"industrial, fashion, beauty","fashion, industrial, retail","fashion, retail, sports","retail, fashion, sports","travel, hobby, retail","education, events, fashion","events, retail, fashion","fashion, events, fitness_wellness","retail, fashion, beauty","fashion, retail, beauty","retail, pets, fashion","pets, retail, fashion","pets, business, retail","business, retail, fashion","business, retail, fashion","business, retail, construction","business, pets, fashion","retail, fashion, pets","fashion, retail, sports","fashion, sports, retail","fashion, sports, pets","fashion, software_it, pets","fashion, fitness_wellness, industrial","sports, fashion, pets","sports, fashion, retail","fashion, sports, retail","sports, fashion, travel","sports, fashion, retail","sports, fashion, pets","sports, fashion, fooddrink","sports, events, fashion","sports, events, fashion","sports, events, fashion","events, sports, retail","sports, events, health_med",89.5,85.3,83.1,80,83.4,92.8,95.4,88.9,97.9,116.9,131.8,136.9,117.3,124.7,120.1,103.1,112.2,140.4,142,149.6,133.9,115.2,126.8,72.5,131.2,118.8,123.2,137.2,145.2,156.2,163.4,176.9,146.5,144.4,140.9,14
Ohio,OH,39,11799448,12,14,11,13,19,11,12,7,5,11,10,11,8,10,10,4,5,9,14,17,22,21,24,28,35,36,36,30,41,35,30,32,30,37,35,36,33,35,37,35,32,35,35,32,34,36,34,34,33,33,32,34,32,34,31,33,34,32,31,30,30,30,31,33,33,29,30,30,33,35,11,11,17,17,13,7,11,15,2,10,5,9,8,9,9,7,8,7,8,6,12,11,13,12,18,17,15,14,20,17,16,17,16,15,18,"fashion, retail, beauty","fashion, retail, homesvcs","fashion, retail, homesvcs","fashion, retail, homesvcs","fashion, beauty, homesvcs","fashion, homesvcs, beauty","fashion, homesvcs, health_med","homesvcs, beauty, health_med","health_med, homesvcs, retail","health_med, homesvcs, fashion","retail, homesvcs, health_med","homesvcs, fashion, health_med","homesvcs, beauty, health_med","health_med, fashion, homesvcs","health_med, fashion, homesvcs","fashion, software_it, health_med","fashion, software_it, health_med","fashion, health_med, homesvcs","fashion, health_med, homesvcs","fashion, health_med, homesvcs","fashion, health_med, homesvcs","fashion, health_med, homesvcs","health_med, fashion, homesvcs","health_med, fashion, retail","fashion, health_med, homesvcs","fashion, health_med, homesvcs","fashion, health_med, homesvcs","fashion, health_med, homesvcs","fashion, homesvcs, health_med","fashion, health_med, homesvcs","fashion, health_med, homesvcs","fashion, health_med, homesvcs","fashion, health_med, homesvcs","fashion, health_med, homesvcs","fashion, health_med, homesvcs",97.4,98.9,101.9,90.9,89,99.1,101.2,109.9,115.2,122.7,126.4,124.1,115.9,110.4,122.6,115.9,119.9,132.3,122.3,140.2,141.8,145.6,133.1,86.9,100.7,114.2,128.9,121.2,122.4,133.6,126.7,139.7,142.7,146.9,141,13.6
Oklahoma,OK,40,3959353,21,32,35,32,42,40,35,36,44,28,33,46,47,50,50,48,50,50,46,42,42,43,42,44,44,46,47,43,46,40,48,43,44,46,44,30,32,34,32,37,35,34,38,37,46,45,44,42,41,41,47,46,47,47,44,47,46,47,46,48,45,44,46,41,45,46,45,47,41,43,35,37,34,35,34,33,35,33,37,39,45,44,48,46,46,40,49,46,43,34,45,44,48,50,47,46,47,47,49,46,49,46,46,38,46,"retail, auto, fitness_wellness","retail, auto, health_med","retail, agriculture, health_med","retail, auto, health_med","health_med, retail, auto","health_med, retail, fitness_wellness","retail, health_med, auto","health_med, retail, auto","retail, fashion, health_med","retail, personal, auto","retail, personal, health_med","retail, auto, health_med","retail, auto, fitness_wellness","retail, auto, fitness_wellness","retail, auto, fitness_wellness","guns, retail, auto","retail, auto, fitness_wellness","retail, auto, fitness_wellness","health_med, auto, retail","guns, auto, retail","auto, retail, fitness_wellness","health_med, auto, fitness_wellness","auto, retail, fitness_wellness","auto, retail, health_med","auto, retail, health_med","health_med, auto, retail","auto, health_med, retail","auto, fashion, retail","auto, retail, fashion","auto, retail, fashion","auto, retail, hobby","auto, retail, sports","auto, retail, sports","auto, retail, fooddrink","auto, retail, fitness_wellness",83.1,86.7,111.8,93.6,98.9,90.5,94.2,93.2,102,110,121.8,107.4,96.2,97.2,98.7,107.8,111,111,99.7,140.8,122.1,115.1,112.1,78.1,90.6,101.5,110.3,112.8,109.9,114.9,110.2,122.4,127.4,126.7,121.1,13.4
Oregon,OR,41,4237256,15,12,12,14,14,16,23,17,18,24,29,27,25,22,22,21,16,20,30,22,17,17,17,15,16,21,14,16,15,15,14,10,9,8,8,18,20,21,20,21,18,18,21,26,28,34,35,28,31,31,24,23,23,33,28,31,31,29,25,23,25,24,22,20,18,23,20,19,18,19,33,27,26,25,5,32,34,28,24,27,28,27,31,32,32,28,30,30,30,27,25,30,27,25,33,31,26,28,26,22,23,23,19,22,20,"health_med, fashion, beauty","health_med, fashion, beauty","health_med, fashion, beauty","health_med, retail, fashion","retail, fooddrink, health_med","health_med, fashion, retail","health_med, fashion, charity_or_pol","health_med, restaurant, fashion","hobby, restaurant, fooddrink","sports, beauty, health_med","sports, beauty, health_med","health_med, beauty, sports","health_med, sports, fashion","fashion, health_med, homesvcs","fashion, health_med, homesvcs","health_med, homesvcs, sports","health_med, sports, fashion","health_med, sports, beauty","health_med, sports, auto","health_med, sports, auto","health_med, sports, charity_or_pol","health_med, charity_or_pol, sports","health_med, sports, homesvcs","health_med, sports, auto","health_med, auto, beauty","health_med, homesvcs, beauty","health_med, auto, travel","health_med, sports, homesvcs","health_med, homesvcs, restaurant","health_med, sports, auto","health_med, auto, sports","health_med, auto, sports","health_med, auto, sports","health_med, sports, auto","health_med, auto, fashion",88.7,83.8,82,75.3,76,82.1,85.6,79.3,86.9,109.8,108,114.5,116,113.8,115.9,108.4,107.3,119.5,104.8,127.4,123.4,116.1,120.9,80.9,89.5,98.1,110.1,110.7,114.3,120.8,115,130.7,132.1,133.4,126.5,13.4
Pennsylvania,PA,42,13002700,41,31,31,34,31,33,40,42,28,31,31,33,31,29,29,26,34,27,26,26,29,30,35,36,39,34,28,27,37,10,22,25,37,35,33,45,46,45,46,46,45,45,43,41,36,40,37,37,34,34,31,33,35,31,34,35,35,36,35,33,35,35,36,36,37,36,37,37,39,38,34,31,36,36,19,36,37,44,35,41,33,35,38,30,30,42,38,41,42,33,30,32,17,36,27,24,22,22,35,42,39,41,39,37,34,"industrial, retail, pets","industrial, hobby, beauty","industrial, beauty, retail","health_med, industrial, retail","industrial, travel, retail","industrial, hobby, retail","industrial, beauty, retail","retail, beauty, industrial","retail, fashion, industrial","retail, fooddrink, fashion","profsvcs, retail, fashion","profsvcs, retail, beauty","fashion, retail, beauty","beauty, retail, fashion","beauty, retail, fashion","retail, fashion, beauty","health_med, retail, fooddrink","health_med, beauty, retail","beauty, health_med, industrial","travel, fashion, beauty","travel, industrial, fashion","health_med, beauty, fashion","travel, beauty, health_med","travel, beauty, health_med","travel, health_med, beauty","travel, beauty, fashion","travel, beauty, health_med","travel, fashion, beauty","travel, retail, beauty","health_med, retail, beauty","health_med, retail, beauty","health_med, retail, beauty","health_med, retail, beauty","consulting, health_med, retail","retail, health_med, sports",97,94.3,95.4,88.9,86.3,95.4,98,97.6,99,119.6,124.4,116.3,128.6,114.5,366.4,257.9,127.8,132.8,124.6,139.8,136.5,138.2,127.5,85.9,101.6,122,141.8,131.9,135.4,149.1,141.7,149.8,154,157.6,151.9,13.7
Rhode Island,RI,44,1097379,25,20,15,30,18,18,24,43,21,30,48,49,48,44,44,32,27,31,29,38,44,49,48,47,47,35,29,41,24,13,20,33,39,40,40,24,18,19,19,16,22,31,27,31,26,30,31,26,35,35,34,25,24,22,22,29,21,27,30,32,21,34,23,21,21,20,19,23,24,23,49,42,43,43,38,49,48,47,28,32,42,45,46,42,42,39,41,40,41,42,41,46,46,46,49,43,41,42,38,37,31,35,43,46,37,"homesvcs, fashion, fitness_wellness","homesvcs, fashion, fitness_wellness","fashion, homesvcs, fitness_wellness","homesvcs, retail, fashion","retail, homesvcs, fooddrink","homesvcs, retail, fitness_wellness","homesvcs, auto, health_med","auto, homesvcs, restaurant","fooddrink, homesvcs, restaurant","events, photography, fashion","events, auto, photography","auto, photography, events","auto, photography, restaurant","photography, auto, homesvcs","photography, auto, homesvcs","photography, auto, retail","auto, retail, photography","photography, auto, sports","auto, photography, sports","auto, photography, fitness_wellness","auto, fashion, photography","auto, photography, homesvcs","auto, photography, retail","auto, photography, retail","auto, photography, retail","auto, photography, fashion","auto, fashion, photography","auto, photography, retail","sports, auto, photography","sports, auto, photography","sports, auto, photography","auto, sports, photography","auto, retail, beauty","auto, retail, beauty","auto, health_med, retail",105.5,113.6,137.2,102.5,103.8,114.9,114.1,94.3,99.2,115.2,121.4,118,118.9,118.4,157.3,118.5,122.5,129,121.8,142.6,139.5,141.5,144.3,102.8,117.2,121.9,138.8,130.3,131.9,136.6,139,152.3,153.6,156,154,13.6
South Carolina,SC,45,5118425,43,41,21,27,21,24,38,32,46,43,32,30,28,27,27,28,33,28,21,23,28,31,37,39,36,39,39,29,31,34,31,29,33,25,20,22,19,16,18,17,14,14,13,14,11,11,12,12,12,12,11,15,12,11,11,12,12,11,11,11,10,11,11,11,10,10,11,11,11,10,46,48,46,44,41,42,46,42,45,7,8,21,40,31,31,38,18,38,39,35,38,43,40,40,41,45,44,40,43,41,41,40,38,36,25,"homesvcs, fashion, beauty","homesvcs, fashion, health_med","sports, homesvcs, beauty","beauty, education, fashion","homesvcs, beauty, fashion","sports, beauty, homesvcs","beauty, hobby, health_med","homesvcs, beauty, fashion","fashion, homesvcs, beauty","fooddrink, beauty, business","fooddrink, business, beauty","fooddrink, beauty, business","beauty, business, fashion","beauty, business, fashion","beauty, business, fashion","beauty, business, fashion","artdesign, beauty, fashion","beauty, sports, health_med","beauty, retail, fashion","beauty, auto, fashion","beauty, auto, fashion","beauty, auto, fashion","beauty, auto, fashion","beauty, auto, health_med","beauty, homesvcs, health_med","beauty, health_med, sports","beauty, fashion, health_med","beauty, fashion, retail","beauty, homesvcs, education","beauty, sports, realestate","beauty, fashion, retail","beauty, retail, fashion","beauty, hobby, retail","beauty, auto, health_med","beauty, auto, education",86.6,80,80.5,77.7,77.8,89.4,95.7,86.2,87.6,102.5,114.4,108.3,108.2,99.4,104.5,100.5,101.6,109.4,103.3,127.3,132.3,126.7,123.5,84,88.5,116.3,125.9,112.2,105,116.8,114.3,126.8,128.4,126.6,127.3,12.9
South Dakota,SD,46,886667,24,13,38,45,36,39,39,10,1,3,26,50,29,30,30,44,46,43,49,48,50,46,44,51,49,49,51,46,19,45,46,49,45,36,45,31,26,27,27,23,25,26,23,22,39,33,45,47,46,46,45,36,39,44,47,45,49,41,48,46,47,45,45,37,46,42,47,40,37,39,27,47,45,47,43,47,40,34,9,23,39,51,39,45,45,47,5,47,6,49,46,1,47,4,7,49,49,44,23,49,48,48,47,45,47,"auto, retail, outdoors","fashion, outdoors, hobby","fashion, outdoors, hobby","outdoors, retail, sports","outdoors, fashion, hobby","outdoors, auto, sports","outdoors, marketing, homesvcs","homesvcs, fashion, outdoors","homesvcs, fashion, retail","homesvcs, fashion, personalsvcs","homesvcs, transportation, fashion","hobby, homesvcs, fashion","fitness_wellness, homesvcs, fashion","fitness_wellness, fashion, hobby","fitness_wellness, fashion, hobby","fashion, hobby, fitness_wellness","fashion, restaurant, hobby","fashion, homesvcs, auto","auto, fashion, hobby","fashion, auto, hobby","artdesign, fashion, auto","hobby, artdesign, agriculture","homesvcs, retail, agriculture","hobby, fashion, retail","industrial, hobby, fashion","fashion, restaurant, health_med","hobby, health_med, retail","fashion, hobby, restaurant","agriculture, fashion, hobby","auto, sports, health_med","sports, industrial, health_med","auto, industrial, health_med","retail, beauty, fashion","hobby, retail, industrial","industrial, hobby, retail",94.6,94.5,92.7,89.7,91,102.6,100.5,112.2,126.3,135.4,149.2,148.4,167.6,164.7,149.8,142.8,168.3,165,148.3,173,164.7,171.6,165.8,106.7,122.9,134.9,153.8,143.6,149.6,155.8,151.5,174.6,211,194,189.3,14
Tennessee,TN,47,6910840,36,34,30,42,39,43,37,31,32,37,27,16,32,38,38,46,43,36,42,39,39,38,32,31,31,27,26,31,34,30,21,23,27,30,24,28,24,20,22,26,26,23,25,24,21,22,23,22,23,23,28,31,26,24,25,24,26,22,19,21,20,22,25,24,20,21,21,22,20,21,44,44,47,48,47,46,38,41,41,40,36,32,44,43,43,49,44,27,44,44,44,45,44,42,42,38,35,39,42,36,28,32,33,40,39,"health_med, auto, beauty","auto, health_med, beauty","outdoors, health_med, auto","auto, beauty, health_med","health_med, auto, beauty","health_med, auto, beauty","health_med, auto, beauty","health_med, restaurant, auto","restaurant, auto, beauty","entertainment, beauty, auto","entertainment, beauty, auto","entertainment, beauty, health_med","auto, health_med, fashion","auto, beauty, health_med","auto, beauty, health_med","fashion, auto, beauty","guns, fashion, auto","guns, hobby, auto","health_med, beauty, hobby","auto, beauty, health_med","beauty, auto, health_med","beauty, health_med, auto","beauty, health_med, auto","beauty, health_med, auto","auto, health_med, beauty","health_med, auto, beauty","health_med, events, auto","auto, beauty, health_med","auto, health_med, beauty","auto, retail, health_med","fashion, auto, beauty","auto, beauty, health_med","auto, artdesign, health_med","auto, beauty, health_med","auto, health_med, beauty",90.7,89.1,91.9,83,85.6,87.2,87.4,86.8,86.5,99.1,102,111,100.7,96.6,98.9,91.5,92.9,104.6,98.2,119.7,117,113.5,122.3,76.6,87.7,106.6,117.2,112.3,116.3,125.6,123.1,135.8,141.4,153.7,143,12.8
Texas,TX,48,29145504,9,6,9,11,13,8,9,13,14,12,15,13,12,13,13,13,17,15,19,14,13,12,13,11,8,9,9,11,14,11,12,12,12,11,12,13,15,17,17,15,15,13,14,17,15,14,14,14,14,14,15,17,16,16,15,15,15,15,14,15,13,13,15,15,14,12,13,14,13,12,17,20,16,26,25,18,22,18,12,20,27,20,23,26,26,21,17,14,7,13,13,17,9,21,19,21,12,8,4,8,4,3,2,2,3,"fashion, retail, health_med","fashion, fooddrink, health_med","fooddrink, fashion, health_med","fashion, health_med, beauty","fashion, health_med, beauty","health_med, fashion, retail","health_med, fashion, beauty","retail, fooddrink, fashion","retail, fashion, fooddrink","retail, fashion, beauty","fashion, beauty, retail","fashion, health_med, beauty","fashion, beauty, health_med","fooddrink, fashion, beauty","fooddrink, fashion, beauty","fashion, fooddrink, health_med","fooddrink, fashion, retail","fooddrink, fashion, health_med","fashion, fooddrink, beauty","fashion, fooddrink, beauty","fashion, beauty, fooddrink","fashion, beauty, health_med","retail, fashion, health_med","retail, fashion, health_med","retail, fashion, health_med","retail, health_med, fashion","retail, fashion, beauty","retail, health_med, fashion","retail, fashion, beauty","retail, fashion, health_med","fashion, retail, health_med","fashion, retail, health_med","fashion, retail, personalsvcs","fashion, retail, health_med","retail, fashion, beauty",85.9,82.5,82,74.9,73.8,83.9,82.6,79.5,89.2,110.7,108.7,106.1,101.4,98.3,101.1,88.5,93,106.8,91.5,114.7,114.7,115.3,106.6,71.4,83.7,92.9,110.2,103,103.8,114.1,110,118.8,121.4,126.9,120.5,13
Utah,UT,49,3271616,11,17,13,10,8,12,20,23,31,42,49,47,46,45,45,30,41,39,16,27,20,37,10,16,21,22,35,7,9,20,10,26,16,12,31,25,25,25,26,30,28,32,31,38,47,41,46,45,40,40,41,45,44,43,45,40,41,40,37,39,39,39,34,40,35,37,31,32,30,31,26,24,19,11,16,22,23,24,27,33,44,46,47,44,44,43,46,42,32,41,35,40,37,27,37,37,40,21,25,24,25,34,20,20,38,"restaurant, retail, sports","sports, retail, auto","retail, sports, restaurant","retail, sports, restaurant","sports, education, retail","retail, auto, sports","education, fashion, hobby","sports, education, hobby","agriculture, sports, hobby","sports, hobby, fashion","sports, hobby, fashion","hobby, sports, fashion","sports, hobby, fashion","hobby, sports, software_it","hobby, sports, software_it","hobby, sports, health_med","sports, hobby, fooddrink","sports, hobby, fashion","hobby, sports, education","sports, hobby, education","education, sports, hobby","sports, hobby, education","hobby, fooddrink, sports","restaurant, hobby, sports","education, fooddrink, hobby","hobby, sports, education","sports, hobby, fooddrink","hobby, sports, fashion","sports, hobby, fooddrink","sports, hobby, education","hobby, sports, fashion","sports, hobby, education","sports, hobby, education","sports, hobby, media","sports, hobby, fashion",77.9,71.2,74.5,74.9,74.8,84,84.2,84.8,91,100.2,102.4,105,103.1,104,110,103.4,113.6,128.8,124.5,138.3,129.5,124.9,128.9,77,87.8,111.3,119.7,112.7,115.7,125.6,119.1,130.1,133.3,134.2,130.6,12.1
Vermont,VT,50,643077,33,29,34,43,22,20,15,8,8,23,23,32,43,35,35,19,10,24,28,18,15,24,30,18,10,10,11,9,6,3,4,5,8,5,5,7,8,7,7,7,8,7,7,5,10,10,10,8,10,10,5,5,9,10,9,10,10,9,8,9,8,6,5,8,8,7,9,5,4,4,30,21,24,34,17,30,20,16,5,3,7,4,3,22,22,1,2,5,17,14,16,8,4,29,25,6,6,7,21,6,12,2,1,6,2,"auto, education, pets","education, auto, health_med","education, auto, health_med","agriculture, auto, health_med","agriculture, auto, health_med","auto, agriculture, health_med","agriculture, auto, education","agriculture, auto, education","agriculture, auto, fooddrink","beauty, fitness_wellness, auto","fitness_wellness, auto, homedecor","fitness_wellness, fooddrink, auto","consulting, fitness_wellness, agriculture","auto, fashion, agriculture","auto, fashion, agriculture","agriculture, auto, fashion","agriculture, auto, fashion","consulting, hobby, agriculture","fitness_wellness, agriculture, auto","agriculture, fitness_wellness, auto","auto, health_med, agriculture","fooddrink, retail, auto","marketing, health_med, auto","auto, hobby, sports","agriculture, auto, beauty","health_med, agriculture, auto","auto, beauty, agriculture","fashion, retail, agriculture","agriculture, beauty, health_med","health_med, financial, retail","agriculture, beauty, education","auto, fitness_wellness, agriculture","auto, fitness_wellness, beauty","auto, fitness_wellness, beauty","auto, fitness_wellness, beauty",90.3,91.5,85.8,81.1,84.8,86.1,88.4,95.6,140.5,111.3,98.1,110.4,115,110.4,123.5,108.6,129.3,117.1,131.2,124.1,120.1,119.7,128.1,87.6,102.8,117.9,145.6,118.6,120.6,127.5,122.9,117.5,125.2,139.6,133.9,14.3
Virginia,VA,51,8631393,20,33,22,22,25,23,22,28,39,29,12,17,14,17,17,20,26,22,20,21,18,16,19,14,20,18,15,24,20,17,18,15,14,10,18,19,23,24,24,24,24,21,19,19,17,17,16,15,15,15,18,16,15,15,16,16,17,17,15,17,15,17,20,17,17,17,17,18,17,18,4,4,4,6,6,1,2,1,11,13,2,2,1,1,1,2,1,1,1,4,29,23,19,16,29,34,36,36,32,33,19,28,21,1,1,"fashion, beauty, health_med","fashion, beauty, retail","fashion, retail, beauty","fashion, beauty, health_med","fashion, transportation, beauty","fashion, transportation, beauty","fashion, transportation, beauty","beauty, fashion, transportation","fashion, health_med, beauty","fashion, beauty, transportation","retail, fashion, transportation","beauty, retail, fashion","beauty, retail, fashion","beauty, fashion, retail","beauty, fashion, retail","beauty, fashion, retail","beauty, transportation, fashion","beauty, transportation, fashion","beauty, artdesign, transportation","beauty, artdesign, transportation","beauty, transportation, education","transportation, beauty, education","transportation, beauty, education","beauty, fashion, transportation","beauty, transportation, charity_or_pol","beauty, transportation, health_med","beauty, fashion, health_med","beauty, fashion, health_med","beauty, fashion, transportation","beauty, education, health_med","religion, beauty, education","beauty, charity_or_pol, health_med","beauty, religion, retail","beauty, health_med, retail","beauty, retail, health_med",79.4,72.6,78.3,75.2,71,78,87.9,78.5,79.8,91.4,98.2,95,92.8,93,104.8,89.2,88.9,100.3,93.3,112.2,117.9,131.8,115.8,77.5,93.7,103.8,120.5,104.3,101.7,110.7,114,121.1,123.4,133.8,121.6,13.4
Washington,WA,53,7705281,27,30,33,36,30,25,31,38,47,39,36,42,37,41,41,49,48,46,44,41,43,39,46,40,41,43,43,44,44,42,41,41,41,42,36,42,36,39,35,36,36,33,36,40,37,39,43,43,37,37,38,39,37,37,37,37,38,38,39,35,38,33,37,35,34,34,36,33,31,30,42,39,42,46,45,38,44,43,47,50,48,50,49,50,50,51,50,50,50,50,49,48,45,47,11,13,48,48,45,43,42,42,41,44,44,"fashion, health_med, beauty","fashion, health_med, beauty","fashion, wedding, health_med","fashion, health_med, beauty","fashion, beauty, fooddrink","wedding, fashion, health_med","fashion, beauty, sports","beauty, fashion, fooddrink","fooddrink, fashion, hobby","fashion, fooddrink, retail","beauty, fashion, retail","retail, beauty, fashion","beauty, retail, fashion","beauty, retail, hobby","beauty, retail, hobby","fooddrink, beauty, hobby","fooddrink, hobby, beauty","agriculture, fooddrink, beauty","hobby, beauty, fooddrink","health_med, hobby, beauty","hobby, fashion, beauty","retail, beauty, fashion","beauty, fashion, health_med","fashion, fitness_wellness, beauty","fashion, beauty, health_med","fashion, beauty, health_med","fashion, beauty, fitness_wellness","fashion, auto, fitness_wellness","fooddrink, fashion, beauty","fashion, fitness_wellness, fooddrink","fashion, beauty, fitness_wellness","fashion, fitness_wellness, beauty","fashion, fitness_wellness, beauty","fitness_wellness, fashion, beauty","fitness_wellness, auto, restaurant",86.8,80.1,82.6,75.5,73.7,81.9,79.8,78.5,87.5,93.5,104.8,104,102.1,90.4,93.8,88.5,91.5,105.6,95.5,113.5,117.7,130.3,112.7,75.8,85,96.9,110.6,100.5,97.3,109.4,101.2,116.4,119.1,125.9,119.7,13.4
West Virginia,WV,54,1793716,30,39,27,9,10,17,17,37,23,45,45,44,33,43,43,29,30,37,38,34,34,20,15,43,42,33,25,25,32,41,35,36,36,41,41,51,51,51,51,51,51,51,51,51,51,51,51,50,50,50,51,50,51,51,51,50,51,51,51,51,51,50,51,50,51,51,51,51,51,51,21,34,27,12,9,20,18,7,18,38,35,38,32,39,39,10,14,31,38,12,15,5,1,1,3,1,1,1,1,9,38,1,40,41,23,"fashion, media, artdesign","fashion, media, retail","fashion, retail, media","fashion, retail, construction","fashion, agriculture, artdesign","fashion, agriculture, events","fashion, homedecor, health_med","health_med, fashion, homedecor","fashion, health_med, agriculture","fashion, retail, agriculture","fashion, retail, homedecor","fashion, adult, homedecor","fashion, retail, adult","profsvcs, fashion, retail","profsvcs, fashion, retail","fashion, profsvcs, retail","fashion, retail, beauty","fashion, retail, agriculture","fashion, retail, beauty","fashion, retail, profsvcs","beauty, fashion, profsvcs","retail, beauty, fashion","retail, fashion, beauty","retail, fashion, profsvcs","retail, fashion, health_med","software_it, retail, fashion","software_it, retail, fashion","software_it, fashion, retail","software_it, retail, fashion","retail, fashion, beauty","retail, fashion, beauty","retail, fashion, beauty","fashion, marketing, beauty","fashion, marketing, beauty","agriculture, fashion, beauty",170.5,157,167.9,216.4,210.4,172.4,162.9,153.7,171.2,185.2,174.9,162,154.9,148.5,157.2,158.6,149.9,157.5,146.4,181.3,180,155.8,156.1,93.4,99.3,131.9,163.7,149.3,162.7,156.5,160,170.7,173.8,182.6,194.2,13.7
Wisconsin,WI,55,5893718,44,40,43,41,45,47,44,44,36,44,47,39,39,40,40,33,29,40,37,37,37,33,40,32,25,31,31,35,35,36,36,37,35,31,27,43,44,41,38,42,46,46,37,36,43,43,42,44,44,44,43,42,42,41,38,42,42,44,41,42,41,41,39,44,43,43,38,36,40,40,39,33,21,27,32,39,31,27,21,34,34,30,35,36,36,30,27,32,26,29,23,26,20,17,24,14,14,12,15,19,22,13,18,10,17,"auto, retail, hobby","auto, retail, hobby","performer, auto, retail","auto, performer, retail","auto, retail, fashion","auto, retail, beauty","auto, fashion, retail","auto, fashion, beauty","auto, beauty, retail","auto, beauty, retail","auto, transportation, beauty","auto, transportation, retail","auto, transportation, beauty","auto, beauty, performer","auto, beauty, performer","auto, beauty, retail","beauty, auto, retail","auto, beauty, retail","auto, beauty, health_med","auto, beauty, health_med","auto, beauty, retail","auto, beauty, health_med","auto, fashion, beauty","auto, profsvcs, fashion","auto, beauty, fashion","auto, fashion, health_med","auto, fashion, retail","fashion, auto, retail","fashion, auto, retail","auto, retail, beauty","auto, beauty, health_med","auto, fashion, health_med","auto, beauty, health_med","auto, fashion, beauty","auto, fashion, beauty",106.8,109.8,110.8,112.1,112.8,120.5,120.5,124.2,117.3,120.7,131.2,130.7,122.5,119.7,116.8,109.6,115.1,126.5,121.3,141,141.2,148.2,152.8,95.7,117.4,134.8,147.2,130.9,133.2,144.7,141.5,156.3,158.4,161.9,164.3,13.9
Wyoming,WY,56,576851,37,25,29,39,43,36,47,47,48,50,50,23,26,49,49,40,47,51,51,50,46,47,41,48,51,51,50,49,49,48,50,51,50,45,51,16,11,14,11,19,17,15,20,13,20,29,29,20,19,19,21,27,25,26,29,21,20,19,29,28,23,25,17,26,23,18,23,17,19,22,9,10,9,13,15,15,24,21,33,37,46,42,33,24,24,33,35,6,45,25,21,27,22,38,45,44,37,34,34,26,36,38,34,25,27,"fashion, events, retail","fashion, homesvcs, retail","fashion, events, homesvcs","fashion, homesvcs, events","fashion, homesvcs, events","fashion, auto, homesvcs","fashion, homesvcs, auto","fashion, auto, homesvcs","fashion, retail, homesvcs","fashion, auto, retail","fashion, auto, homesvcs","fashion, homesvcs, auto","fashion, software_it, homesvcs","software_it, auto, fashion","software_it, auto, fashion","auto, retail, fashion","auto, fashion, retail","events, auto, retail","auto, fashion, retail","auto, events, fashion","auto, fashion, business","auto, fashion, retail","auto, charity_or_pol, fashion","auto, fashion, music","auto, fashion, music","auto, fashion, retail","auto, business, retail","auto, artdesign, health_med","auto, health_med, pets","auto, health_med, fooddrink","auto, health_med, artdesign","auto, artdesign, health_med","auto, business, agriculture","auto, charity_or_pol, health_med","auto, agriculture, health_med",81.1,77.8,74.5,76.6,74.8,90.9,80.4,84.9,79.5,79.9,89.8,113.5,104.8,95.5,93.1,87.3,109.4,101.6,94.4,107,104.8,107.9,139.6,99.5,101.6,100,103.3,102.2,110.7,123.7,103.5,107.5,115.3,122.5,134.9,13.9
